Key,en-US,zh-CN,zh-TW,bo-CN,nl-NL,ca-ES,eu-ES,da-DK,sk-SK,de-DE,hi-IN,id-ID,th-TH,fil-PH,lo-LA,sw-KE,ja-JP,fr-FR,es-ES,pl-PL,nb-NO,sv-SE,hu-HU,ko-KR,si-LK,mr-IN,ta-IN,gu-IN,pa-IN,kn-IN,as-IN,fa-IR,pt-BR,tr-TR,uz-UZ,gl-ES,he-IL,sr-RS,bg-BG,fi-FI,hr-HR,sl-SI,uk-UA,ms-MY,vi-VN,ru-RU,ar,ur-PK,km-KH,ne-NP,it-IT,cs-CZ,ro-RO,pt-PT,el-GR,my-MM,bn-BD,kk-KZ,te-IN,ml-IN,or-IN
sort_by_update_time,Sort by date updated,按更新日期排序,依更新日期排序,གསར་བཅོས་དུས་ཚོད་ལྟར་སྒྲིག་འཇོག,Sorteren op bijgewerkte datum,Ordenar per data d\'actualització,Ordenatu eguneratze-dataren arabera,Sortér efter opdateringsdato,Zoradiť podľa dátumu aktualizácie,Nach Aktualisierungsdatum sortieren,अपडेट की तारीख के अनुसार क्रमबद्ध करें,Urutkan berdasarkan tanggal diperbarui,เรียงตามวันที่อัปเดต,Pagbukud-bukurin ayon sa petsa ng pag-update,ຈັດຮຽງຕາມວັນທີອັບເດດ,Panga kwa tarehe ya kusasishwa,更新日時で並べ替え,Trier par date de mise à jour,Ordenar por fecha de actualización,Sortuj według daty aktualizacji,Sorter etter oppdateringsdato,Sortera efter uppdateringsdatum,Rendezés frissítés dátuma szerint,업데이트 날짜순 정렬,යාවත්කාලීන කළ දිනය අනුව වර්ග කරන්න,अपडेट केलेल्या तारखेनुसार क्रमवारी लावा,புதுப்பித்த தேதியின்படி வரிசைப்படுத்து,અપડેટ તારીખ પ્રમાણે ગોઠવો,ਅੱਪਡੇਟ ਕੀਤੀ ਤਾਰੀਖ ਅਨੁਸਾਰ ਕ੍ਰਮਬੱਧ ਕਰੋ,ನವೀಕರಿಸಿದ ದಿನಾಂಕದ ಪ್ರಕಾರ ವಿಂಗಡಿಸಿ,আপডেট কৰা তাৰিখ অনুসৰি সজাওক,مرتب‌سازی بر اساس تاریخ به‌روزرسانی,Ordenar por data de atualização,Güncellenme tarihine göre sırala,Yangilangan sana bo'yicha saralash,Ordenar por data de actualización,מיין לפי תאריך עדכון,Sortiraj po datumu ažuriranja,Сортиране по дата на актуализация,Järjestä päivityspäivän mukaan,Sortiraj po datumu ažuriranja,Razvrsti po datumu posodobitve,Сортувати за датою оновлення,Isih mengikut tarikh dikemas kini,Sắp xếp theo ngày cập nhật,Сортировать по дате обновления,الترتيب حسب تاريخ التحديث,تاریخ اپ ڈیٹ کے لحاظ سے ترتیب دیں,តម្រៀបតាមកាលបរិច្ឆេទធ្វើបច្ចុប្បន្នភាព,अपडेट मिति अनुसार क्रमबद्ध गर्नुहोस्,Ordina per data di aggiornamento,Seřadit podle data aktualizace,Sortează după data actualizării,Ordenar por data de atualização,Ταξινόμηση κατά ημερομηνία ενημέρωσης,အပ်ဒိတ်လုပ်ထားသည့်ရက်စွဲအလိုက် စီစဉ်ရန်,আপডেট তারিখ অনুসারে সাজান,Жаңартылған күні бойынша сұрыптау,అప్‌డేట్ చేసిన తేదీ ప్రకారం క్రమబద్ధీకరించండి,അപ്ഡേറ്റ് ചെയ്ത തീയതി അനുസരിച്ച് അടുക്കുക,ଅପଡେଟ୍ ତାରିଖ ଅନୁସାରେ ସର୍ଟ କରନ୍ତୁ
main_library_tab,Library,音乐库,音樂庫,དཔེ་མཛོད།,Bibliotheek,Biblioteca,Liburutegia,Bibliotek,Knižnica,Mediathek,लाइब्रेरी,Pustaka,คลัง,Library,ຄັງເພງ,Maktaba,ライブラリ,Bibliothèque,Biblioteca,Biblioteka,Bibliotek,Bibliotek,Könyvtár,보관함,පුස්තකාලය,लायब्ररी,லைப்ரரி,લાઇબ્રેરી,ਲਾਇਬ੍ਰੇਰੀ,ಲೈಬ್ರರಿ,লাইব্ৰেৰী,کتابخانه,Biblioteca,Kütüphane,Kutubxona,Biblioteca,ספרייה,Biblioteka,Библиотека,Kirjasto,Biblioteka,Knjižnica,Бібліотека,Perpustakaan,Thư viện,Библиотека,المكتبة,لائبریری,បណ្ណាល័យ,लाइब्रेरी,Libreria,Knihovna,Bibliotecă,Biblioteca,Βιβλιοθήκη,စာကြည့်တိုက်,লাইব্রেরি,Кітапхана,లైబ్రరీ,ലൈബ്രറി,ଲାଇବ୍ରେରୀ
all_play_item_count_track,%1$d track(s),%1$d 首歌曲,%1$d 首歌曲,གཞས་གླུ་ %1$d,%1$d nummer(s),%1$d pista(es),%1$d pista,%1$d numre,%1$d skladieb,%1$d Titel,%1$d ट्रैक,%1$d lagu,%1$d แทร็ก,%1$d (mga) track,%1$d ເພງ,Nyimbo %1$d,%1$d曲,%1$d piste(s),%1$d canción(es),%1$d utwór(ów),%1$d spor,%1$d spår,%1$d dal,%1$d개의 트랙,ගීත %1$d ක්,%1$d ट्रॅक,%1$d பாடல்(கள்),%1$d ટ્રેક(s),%1$d ਟਰੈਕ,%1$d ಟ್ರ್ಯಾಕ್(ಗಳು),%1$d ট্ৰেক,%1$d آهنگ,%1$d faixa(s),%1$d parça,%1$d trek,%1$d pista(s),%1$d רצועות,%1$d numera,%1$d песни,%1$d kappale(tta),%1$d pjesm(a),%1$d posnetkov,%1$d трек(ів),%1$d lagu,%1$d bài hát,%1$d трек(ов),%1$d مقطع صوتي (مقاطع صوتية),%1$d ٹریک(s),បទចម្រៀង %1$d,%1$d ट्र्याक(हरू),%1$d brani,%1$d stop(y/ů),%1$d piese,%1$d faixa(s),%1$d κομμάτια,သီချင်း %1$d ပုဒ်,%1$d টি ট্র্যাক,%1$d трек(тер),%1$d ట్రాక్(లు),%1$d ട്രാക്ക്(കൾ),%1$d ଟ୍ରାକ୍
all_play_item_count_album,%1$d album(s),%1$d 张专辑,%1$d 張專輯,ཟློས་གཞི་ %1$d,%1$d album(s),%1$d àlbum(s),%1$d album,%1$d album,%1$d album(y),%1$d Album/Alben,%1$d एल्बम,%1$d album,%1$d อัลบั้ม,%1$d (mga) album,%1$d ອັລບັ້ມ,Albamu %1$d,%1$dアルバム,%1$d album(s),%1$d álbum(es),%1$d album(ów),%1$d album,%1$d album,%1$d album,%1$d개의 앨범,ඇල්බම %1$d ක්,%1$d अल्बम,%1$d ஆல்பம்(கள்),%1$d આલ્બમ(s),%1$d ਐਲਬਮ,%1$d ಆಲ್ಬಂ(ಗಳು),%1$d এলবাম,%1$d آلبوم,%1$d álbum(ns),%1$d albüm,%1$d albom,%1$d álbum(s),%1$d אלבומים,%1$d album(a),%1$d албума,%1$d albumi(a),%1$d album(a),%1$d album(ov),%1$d альбом(ів),%1$d album,%1$d album,%1$d альбом(ов),%1$d ألبوم (ألبومات),%1$d البم(s),អាល់ប៊ុម %1$d,%1$d एल्बम(हरू),%1$d album,%1$d alb(a/um),%1$d album(e),%1$d álbum(álbuns),%1$d άλμπουμ,အယ်လ်ဘမ် %1$d ခု,%1$d টি অ্যালবাম,%1$d альбом(дар),%1$d ఆల్బమ్(లు),%1$d ആൽബം(ങ്ങൾ),%1$d ଆଲବମ୍
all_play_item_count_playlist,%1$d playlist(s),%1$d 个歌单,%1$d 個播放清單,གླེང་སྒྲིག་ %1$d,%1$d afspeellijst(en),%1$d llista(es) de reproducció,%1$d erreprodukzio-zerrenda,%1$d playliste(r),%1$d playlist(y),%1$d Playlist(s),%1$d प्लेलिस्ट,%1$d playlist,%1$d เพลย์ลิสต์,%1$d (mga) playlist,%1$d ເພງລາຍການ,Orodha za kucheza %1$d,%1$dプレイリスト,%1$d playlist(s),%1$d lista(s) de reproducción,%1$d playlist(y),%1$d spilleliste(r),%1$d spellista/spellistor,%1$d lejátszási lista,%1$d개의 플레이리스트,ධාවන ලැයිස්තු %1$d ක්,%1$d प्लेलिस्ट,%1$d பிளேலிஸ்ட்(கள்),%1$d પ્લેલિસ્ટ(s),%1$d ਪਲੇਲਿਸਟ,%1$d ಪ್ಲೇಲಿಸ್ಟ್(ಗಳು),%1$d প্লেইলিষ্ট,%1$d فهرست پخش,%1$d playlist(s),%1$d çalma listesi,%1$d pleylist,%1$d lista(s) de reprodución,%1$d פלייליסטים,%1$d plejlist(a),%1$d плейлиста,%1$d soittolista(a),%1$d popis(a) reprodukcije,%1$d seznamov predvajanja,%1$d плейлист(ів),%1$d senarai main,%1$d playlist,%1$d плейлист(ов),%1$d قائمة تشغيل (قوائم تشغيل),%1$d پلے لسٹ(s),បញ្ជីចាក់ %1$d,%1$d प्लेलिस्ट(हरू),%1$d playlist,%1$d playlist(y/ů),%1$d playlist(uri),%1$d lista(s) de reprodução,%1$d playlist,ပလေးလစ် %1$d ခု,%1$d টি প্লেলিস্ট,%1$d ойнату тізімі(дері),%1$d ప్లేలిస్ట్(లు),%1$d പ്ലേലിസ്റ്റ്(കൾ),%1$d ପ୍ଲେଲିଷ୍ଟ
playlists_empty_hint,The playlists you created will be here.,你创建的歌单将显示在这里。,你建立的播放清單會顯示在這裡。,ཁྱེད་ཀྱིས་གསར་བཟོས་པའི་གླེང་སྒྲིག་འདིར་ཡོད།,"De afspeellijsten die je hebt gemaakt, verschijnen hier.",Les llistes de reproducció que has creat es mostraran aquí.,Sortu dituzun erreprodukzio-zerrendak hemen egongo dira.,"De playlister, du har oprettet, vil være her.","Tu sa zobrazia playlisty, ktoré ste vytvorili.",Die von dir erstellten Playlists werden hier angezeigt.,आपके द्वारा बनाई गई प्लेलिस्ट यहां होंगी।,Playlist yang kamu buat akan ada di sini.,เพลย์ลิสต์ที่คุณสร้างจะอยู่ที่นี่,Ang mga playlist na iyong ginawa ay makikita dito.,ເພງລາຍການທີ່ທ່ານສ້າງຈະຢູ່ທີ່ນີ້,Orodha za kucheza ulizozunda zitakuwa hapa.,作成したプレイリストがここに表示されます。,Les playlists que vous avez créées apparaîtront ici.,Las listas de reproducción que has creado aparecerán aquí.,Utworzone przez Ciebie playlisty będą tutaj.,Spillelistene du har opprettet vil være her.,Spellistorna du har skapat visas här.,Az általad létrehozott lejátszási listák itt lesznek.,내가 만든 플레이리스트가 여기에 표시됩니다.,ඔබ සාදන ලද ධාවන ලැයිස්තු මෙහි පවතී.,तुम्ही तयार केलेल्या प्लेलिस्ट येथे असतील.,நீங்கள் உருவாக்கிய பிளேலிஸ்ட்கள் இங்கே இருக்கும்.,તમે બનાવેલી પ્લેલિસ્ટ અહીં હશે.,ਤੁਹਾਡੇ ਵੱਲੋਂ ਬਣਾਈਆਂ ਗਈਆਂ ਪਲੇਲਿਸਟਾਂ ਇੱਥੇ ਹੋਣਗੀਆਂ।,ನೀವು ರಚಿಸಿದ ಪ್ಲೇಲಿಸ್ಟ್‌ಗಳು ಇಲ್ಲಿ ಇರುತ್ತವೆ.,আপুনি সৃষ্টি কৰা প্লেইলিষ্টবোৰ ইয়াত থাকিব।,فهرست‌های پخشی که ایجاد کرده‌اید اینجا خواهند بود.,As playlists que você criou estarão aqui.,Oluşturduğunuz çalma listeleri burada olacak.,Siz yaratgan pleylistlar shu yerda bo'ladi.,As listas de reprodución que creaches estarán aquí.,הפלייליסטים שיצרת יופיעו כאן.,Plejliste koje si napravio će biti ovde.,Създадените от вас плейлисти ще бъдат тук.,Luomasi soittolistat näkyvät täällä.,Popisi reprodukcije koje ste stvorili bit će ovdje.,"Seznami predvajanja, ki ste jih ustvarili, bodo tukaj.",Створені вами плейлисти будуть тут.,Senarai main yang anda cipta akan berada di sini.,Các playlist bạn đã tạo sẽ hiển thị ở đây.,Созданные вами плейлисты будут здесь.,ستظهر قوائم التشغيل التي أنشأتها هنا.,آپ کی بنائی گئی پلے لسٹس یہاں ہوں گی۔,បញ្ជីចាក់ដែលអ្នកបានបង្កើតនឹងនៅទីនេះ។,तपाईंले सिर्जना गर्नुभएका प्लेलिस्टहरू यहाँ हुनेछन्।,Le playlist che hai creato appariranno qui.,"Zde najdete playlisty, které jste vytvořili.",Playlist-urile create de tine vor fi aici.,As listas de reprodução que criaste estarão aqui.,Τα playlist που δημιουργήσατε θα είναι εδώ.,သင်ဖန်တီးထားသော ပလေးလစ်များကို ဤနေရာတွင် ပြသပါမည်,আপনার তৈরি করা প্লেলিস্টগুলি এখানে থাকবে।,Сіз жасаған ойнату тізімдері осында болады.,మీరు సృష్టించిన ప్లేలిస్ట్‌లు ఇక్కడ ఉంటాయి.,നിങ്ങൾ സൃഷ്ടിച്ച പ്ലേലിസ്റ്റുകൾ ഇവിടെ ഉണ്ടാകും.,ଆପଣ ତିଆରି କରିଥିବା ପ୍ଲେଲିଷ୍ଟଗୁଡ଼ିକ ଏଠାରେ ରହିବ
create_new_playlist,Create new playlist,创建新歌单,建立新播放清單,གླེང་སྒྲིག་གསར་པ་གསར་བཟོ།,Nieuwe afspeellijst maken,Crear llista de reproducció nova,Sortu erreprodukzio-zerrenda berria,Opret ny playliste,Vytvoriť nový playlist,Neue Playlist erstellen,नई प्लेलिस्ट बनाएं,Buat playlist baru,สร้างเพลย์ลิสต์ใหม่,Gumawa ng bagong playlist,ສ້າງເພງລາຍການໃໝ່,Unda orodha mpya ya kucheza,新規プレイリストを作成,Créer une nouvelle playlist,Crear nueva lista de reproducción,Utwórz nową playlistę,Opprett ny spilleliste,Skapa ny spellista,Új lejátszási lista létrehozása,새 플레이리스트 만들기,නව ධාවන ලැයිස්තුවක් සාදන්න,नवीन प्लेलिस्ट तयार करा,புதிய பிளேலிஸ்ட் உருவாக்கவும்,નવી પ્લેલિસ્ટ બનાવો,ਨਵੀਂ ਪਲੇਲਿਸਟ ਬਣਾਓ,ಹೊಸ ಪ್ಲೇಲಿಸ್ಟ್ ರಚಿಸಿ,নতুন প্লেইলিষ্ট সৃষ্টি কৰক,ایجاد فهرست پخش جدید,Criar nova playlist,Yeni çalma listesi oluştur,Yangi pleylist yaratish,Crear nova lista de reprodución,צור פלייליסט חדש,Napravi novu plejlistu,Създаване на нов плейлист,Luo uusi soittolista,Stvori novi popis reprodukcije,Ustvari nov seznam predvajanja,Створити новий плейлист,Cipta senarai main baharu,Tạo playlist mới,Создать новый плейлист,إنشاء قائمة تشغيل جديدة,نئی پلے لسٹ بنائیں,បង្កើតបញ្ជីចាក់ថ្មី,नयाँ प्लेलिस्ट सिर्जना गर्नुहोस्,Crea nuova playlist,Vytvořit nový playlist,Creează playlist nou,Criar nova lista de reprodução,Δημιουργία νέου playlist,ပလေးလစ်အသစ်ဖန်တီးရန်,নতুন প্লেলিস্ট তৈরি করুন,Жаңа ойнату тізімін жасау,కొత్త ప్లేలిస్ట్ సృష్టించండి,പുതിയ പ്ലേലിസ്റ്റ് സൃഷ്ടിക്കുക,ନୂଆ ପ୍ଲେଲିଷ୍ଟ ତିଆରି କରନ୍ତୁ
vansound_section_charts,Charts,排行榜,排行榜,གླེང་བསྡུར་ཐོ།,Charts,Llistes d\'èxits,Zerrendak,Hitlister,Rebríčky,Charts,चार्ट्स,Tangga Lagu,ชาร์ต,Charts,ອັນດັບເພງ,Charts,チャート,Classements,Listas de éxitos,Listy przebojów,Hitlister,Topplistan,Slágerlisták,차트,ප්‍රස්ථාර,चार्ट्स,தரவரிசைகள்,ચાર્ટ્સ,ਚਾਰਟਸ,ಚಾರ್ಟ್‌ಗಳು,চাৰ্ট,نمودارها,Paradas,Listeler,Chartlar,Listas de éxitos,מצעדים,Top liste,Класации,Listat,Top liste,Lestvice,Чарти,Carta,BXH,Чарты,قوائم الأكثر رواجاً,چارٹس,តារាងចំណាត់ថ្នាក់,चार्टहरू,Classifiche,Žebříčky,Topuri,Tabelas,Charts,ဇယားများ,চার্ট,Чарттар,చార్ట్స్,ചാർട്ടുകൾ,Charts
vansound_section_trending_hashtags,Trending Hashtags,热门话题,熱門主題標籤,གྲགས་ཆེའི་ཐག་རྟགས།,Trending hashtags,Hashtags en tendència,Joera duten traolak,Trending hashtags,Trendujúce hashtagy,Angesagte Hashtags,ट्रेंडिंग हैशटैग,Hashtag Trending,แฮชแท็กที่กำลังมาแรง,Trending na Hashtags,Hashtags ຍອດນິຍົມ,Hashtag Zinazovuma,トレンドハッシュタグ,Hashtags tendance,Hashtags en tendencia,Popularne hashtagi,Populære emneknagger,Trendande hashtags,Felkapott hashtagek,인기 해시태그,ජනප්‍රිය හැෂ්ටැග්,ट्रेंडिंग हॅशटॅग,டிரெண்டிங் ஹேஷ்டேக்குகள்,ટ્રેન્ડિંગ Hashtags,ਟ੍ਰੈਂਡਿੰਗ ਹੈਸ਼ਟੈਗਸ,ಟ್ರೆಂಡಿಂಗ್ ಹ್ಯಾಶ್‌ಟ್ಯಾಗ್‌ಗಳು,ট্ৰেণ্ডিং হেশ্বটেগ,هشتگ‌های پرطرفدار,Hashtags em Alta,Popüler Etiketler,Mashhur xeshteglar,Hashtags en tendencia,האשטאגים הטרנדיים,Popularni heštegovi,Популярни хаштагове,Trendaavat hashtagit,Popularni hashtagovi,Priljubljeni ključniki,Популярні хештеґи,Hashtag Trending,Hashtag thịnh hành,Популярные хештеги,الوسوم الرائجة,ٹرینڈنگ ہیش ٹیگز,Hashtags កំពុងពេញនិយម,ट्रेन्डिङ ह्यासट्यागहरू,Hashtag di tendenza,Populární hashtagy,Hashtag-uri în tendințe,Hashtags em Destaque,Δημοφιλή Hashtags,လူကြိုက်များသော Hashtag များ,ট্রেন্ডিং হ্যাশট্যাগ,Трендтегі хэштегтер,ట్రెండింగ్ హ్యాష్‌ట్యాగ్‌లు,ട്രെൻഡിംഗ് ഹാഷ്‌ടാഗുകൾ,Trending Hashtags
vansound_search_hint,Search Vanso tracks and artists,搜索 Vanso 歌曲和艺人,搜尋 Vanso 歌曲和歌手,Vanso གཞས་གླུ་དང་རྩོམ་སྒྲིག་པ་འཚོལ་བ།,Zoek Vanso-nummers en -artiesten,Cerca pistes i artistes de Vanso,Bilatu Vanso pistak eta artistak,Søg efter Vanso-numre og kunstnere,Hľadať skladby a interpretov Vanso,Vanso-Titel und Künstler suchen,Vanso ट्रैक और आर्टिस्ट खोजें,Cari lagu dan artis Vanso,ค้นหาแทร็กและศิลปินของ Vanso,Maghanap ng mga track at artist sa Vanso,ຄົ້ນຫາເພງແລະສິນລະປິນ Vanso,Tafuta nyimbo na wasanii wa Vanso,Vansoの曲とアーティストを検索,Rechercher des titres et artistes Vanso,Buscar canciones y artistas de Vanso,Szukaj utworów i artystów Vanso,Søk etter Vanso-spor og artister,Sök Vanso-spår och artister,Vanso dalok és előadók keresése,Vanso 트랙 및 아티스트 검색,Vanso ගීත සහ කලාකරුවන් සොයන්න,Vanso ट्रॅक आणि कलाकार शोधा,Vanso பாடல்கள் மற்றும் கலைஞர்களைத் தேடவும்,Vanso ટ્રેક અને આર્ટિસ્ટ શોધો,Vanso ਟਰੈਕ ਅਤੇ ਕਲਾਕਾਰ ਖੋਜੋ,Vanso ಟ್ರ್ಯಾಕ್‌ಗಳು ಮತ್ತು ಕಲಾವಿದರನ್ನು ಹುಡುಕಿ,Vanso ট্ৰেক আৰু শিল্পী বিচাৰক,جستجوی آهنگ‌ها و هنرمندان Vanso,Buscar faixas e artistas do Vanso,Vanso parçalarını ve sanatçılarını ara,Vanso treklarini va ijrochilarini qidirish,Buscar pistas e artistas de Vanso,חפש רצועות ואמנים ב-Vanso,Pretraži Vanso numere i izvođače,Търсене на песни и изпълнители във Vanso,Hae Vanso-kappaleita ja -artisteja,Pretraži Vanso pjesme i izvođače,Iskanje posnetkov in izvajalcev Vanso,Шукати треки та виконавців Vanso,Cari lagu dan artis Vanso,Tìm kiếm bài hát và nghệ sĩ Vanso,Поиск треков и исполнителей Vanso,البحث عن مقاطع وفنانين Vanso,Vanso ٹریکس اور آرٹسٹس تلاش کریں,ស្វែងរកបទចម្រៀង និងសិល្បករ Vanso,Vanso ट्र्याक र कलाकारहरू खोज्नुहोस्,Cerca brani e artisti Vanso,Hledat skladby a umělce Vanso,Caută piese și artiști Vanso,Pesquisar faixas e artistas Vanso,Αναζήτηση κομματιών και καλλιτεχνών Vanso,Vanso သီချင်းများနှင့် အနုပညာရှင်များကို ရှာဖွေရန်,Vanso ট্র্যাক এবং শিল্পী খুঁজুন,Vanso тректері мен орындаушыларын іздеу,Vanso ట్రాక్‌లు మరియు ఆర్టిస్ట్‌లను శోధించండి,Vanso ട്രാക്കുകളും ആർട്ടിസ്റ്റുകളും തിരയുക,Vanso ଟ୍ରାକ୍ ଓ ଆର୍ଟିଷ୍ଟ ସର୍ଚ୍ଚ କରନ୍ତୁ
android_base_import_device_file,Find Local Files,查找本地文件,尋找本機檔案,ས་གནས་ཡིག་ཆ་འཚོལ་བ།,Lokale bestanden zoeken,Cerca fitxers locals,Bilatu fitxategi lokalak,Find lokale filer,Nájsť lokálne súbory,Lokale Dateien finden,लोकल फ़ाइलें खोजें,Temukan File Lokal,ค้นหาไฟล์ในเครื่อง,Maghanap ng Lokal na Files,ຊອກຫາໄຟລ์ໃນເຄື່ອງ,Tafuta Faili za Karibu,ローカルファイルを検索,Rechercher des fichiers locaux,Buscar archivos locales,Znajdź lokalne pliki,Finn lokale filer,Hitta lokala filer,Helyi fájlok keresése,로컬 파일 찾기,දේශීය ගොනු සොයන්න,स्थानिक फायली शोधा,உள்ளூர் கோப்புகளைக் கண்டறியவும்,સ્થાનિક ફાઇલો શોધો,ਸਥਾਨਕ ਫਾਈਲਾਂ ਲੱਭੋ,ಸ್ಥಳೀಯ ಫೈಲ್‌ಗಳನ್ನು ಹುಡುಕಿ,স্থানীয় ফাইল বিচাৰক,یافتن فایل‌های محلی,Encontrar Arquivos Locais,Yerel Dosyaları Bul,Mahalliy fayllarni topish,Buscar ficheiros locais,חפש קבצים מקומיים,Pronađi lokalne fajlove,Намиране на локални файлове,Etsi paikallisia tiedostoja,Pronađi lokalne datoteke,Najdi lokalne datoteke,Знайти локальні файли,Cari Fail Tempatan,Tìm tệp cục bộ,Найти локальные файлы,البحث عن الملفات المحلية,مقامی فائلیں تلاش کریں,ស្វែងរកឯកសារក្នុងឧបករណ៍,स्थानीय फाइलहरू खोज्नुहोस्,Trova file locali,Najít lokální soubory,Găsește fișiere locale,Encontrar Ficheiros Locais,Εύρεση Τοπικών Αρχείων,စက်တွင်းဖိုင်များရှာဖွေရန်,লোকাল ফাইল খুঁজুন,Жергілікті файлдарды табу,లోకల్ ఫైల్స్ కనుగొనండి,ലോക്കൽ ഫയലുകൾ കണ്ടെത്തുക,ଲୋକାଲ୍ ଫାଇଲ୍ ଖୋଜନ୍ତୁ
live_tab_entrance,Live Tab,动态,直播分頁,དུས་མཐུན་ཁ་བྱང་།,Live-tabblad,Pestanya En Directe,Zuzeneko fitxa,Live-fane,Live záložka,Live-Tab,Live टैब,Tab Live,แท็บ Live,Live Tab,ແທັບ Live,Kipengele cha Moja kwa Moja,ライブタブ,Onglet Live,Pestaña En Vivo,Zakładka Live,Live-fane,Live-flik,Élő fül,Live 탭,සජීවී ටැබය,लाइव्ह टॅब,Live Tab,Live Tab,ਲਾਈਵ ਟੈਬ,ಲೈವ್ ಟ್ಯಾಬ್,Live টেব,تب زنده,Aba Ao Vivo,Canlı Sekmesi,Jonli efir,Pestana En Directo,לשונית Live,Uživo kartica,Раздел Live,Live-välilehti,Uživo kartica,Zavihek V živo,Вкладка Live,Tab Langsung,Tab Trực tiếp,Вкладка Live,تبويب البث المباشر,لائیو ٹیب,ផ្ទាំង Live,लाइभ ट्याब,Tab Live,Živě,Tab Live,Separador Ao Vivo,Καρτέλα Live,Live Tab,লাইভ ট্যাব,Тікелей эфир бөлімі,లైవ్ ట్యాబ్,ലൈവ് ടാബ്,Live Tab
live_tab_entrance_pre_tips,Click the “Live Tab” to explore exciting live content,"点击""动态""标签，探索精彩的动态内容",點擊「直播分頁」探索精彩的直播內容,"""དུས་མཐུན་ཁ་བྱང་"" ལ་མནན་ནས་སྤྲོ་འཕེལ་དུས་མཐུན་ནང་དོན་རྟོག་ཞིབ་བྱོས།","Klik op het ""Live-tabblad"" om spannende live-content te ontdekken","Fes clic a ""Pestanya En Directe"" per explorar contingut en directe emocionant","Egin klik ""Zuzeneko fitxa""n zuzeneko eduki zirraragarria esploratzeko","Klik på ""Live-fane"" for at udforske spændende live-indhold","Kliknutím na „Live záložku"" objavíte vzrušujúci živý obsah","Tippe auf den „Live-Tab"", um spannende Live-Inhalte zu entdecken","रोमांचक live कॉन्टेंट एक्सप्लोर करने के लिए ""Live टैब"" पर क्लिक करें","Klik ""Tab Live"" untuk menjelajahi konten live yang menarik","คลิกที่ ""แท็บ Live"" เพื่อสำรวจคอนเทนต์สดที่น่าตื่นเต้น","I-click ang ""Live Tab"" upang tuklasin ang mga exciting na live content","ຄລິກ ""ແທັບ Live"" ເພື່ອສຳຫຼວດເນື້ອຫາ Live ທີ່ໜ້າຕື່ນເຕັ້ນ","Bofya ""Kipengele cha Moja kwa Moja"" ili kuchunguza maudhui ya kusisimua ya moja kwa moja",「ライブタブ」をタップして、エキサイティングなライブコンテンツを探索しましょう,Cliquez sur l\'onglet « Live » pour découvrir du contenu live passionnant,"Haz clic en la ""Pestaña En Vivo"" para explorar contenido en vivo emocionante","Kliknij „Zakładka Live"", aby odkrywać ekscytujące treści na żywo",Klikk på «Live-fane» for å utforske spennende direkteinnhold,"Klicka på ""Live-flik"" för att utforska spännande direktsänt innehåll","Kattints az „Élő fül""-re, hogy felfedezd az izgalmas élő tartalmakat","""Live 탭""을 클릭하여 흥미진진한 라이브 콘텐츠를 탐색하세요","උද්වේගකර සජීවී අන්තර්ගත ගවේෂණය කිරීමට ""සජීවී ටැබය"" ක්ලික් කරන්න","रोमांचक लाइव्ह कंटेंट एक्सप्लोर करण्यासाठी ""लाइव्ह टॅब"" वर क्लिक करा","சுவாரஸ்யமான லைவ் உள்ளடக்கத்தை ஆராய ""Live Tab"" என்பதைக் கிளிக் செய்யவும்","રોમાંચક લાઇવ કન્ટેન્ટ શોધવા માટે \""Live Tab\"" પર ક્લિક કરો","ਦਿਲਚਸਪ ਲਾਈਵ ਸਮੱਗਰੀ ਦੀ ਪੜਚੋਲ ਕਰਨ ਲਈ ""ਲਾਈਵ ਟੈਬ"" ਤੇ ਕਲਿੱਕ ਕਰੋ","ರೋಚಕ ಲೈವ್ ವಿಷಯವನ್ನು ಅನ್ವೇಷಿಸಲು ""ಲೈವ್ ಟ್ಯಾಬ್"" ಕ್ಲಿಕ್ ಮಾಡಿ","ৰোমাঞ্চকৰ live সমল অন্বেষণ কৰিবলৈ ""Live টেব"" ত ক্লিক কৰক",روی «تب زنده» کلیک کنید تا محتوای زنده هیجان‌انگیز را کشف کنید,"Toque em ""Aba Ao Vivo"" para explorar conteúdos ao vivo empolgantes","Heyecan verici canlı içerikleri keşfetmek için \""Canlı Sekmesi\""ne tıklayın","Qiziqarli jonli kontentni o'rganish uchun ""Jonli efir"" yorlig'iga bosing","Preme en ""Pestana En Directo"" para explorar contido en directo emocionante","לחץ על ""לשונית Live"" כדי לגלות תוכן חי מרגש","Klikni na ""Uživo kartica"" da istražiš uzbudljiv sadržaj uživo","Кликнете на „Раздел Live"", за да разгледате вълнуващо съдържание на живо","Napauta ""Live-välilehti"" tutkiaksesi jännittävää live-sisältöä","Kliknite na ""Uživo karticu"" kako biste istražili uzbudljiv sadržaj uživo","Kliknite »Zavihek V živo«, da raziščete zanimive vsebine v živo","Натисніть «Вкладка Live», щоб відкрити захопливий live-контент","Klik ""Tab Langsung"" untuk meneroka kandungan langsung yang menarik","Nhấn vào ""Tab Trực tiếp"" để khám phá nội dung trực tiếp thú vị","Нажмите на вкладку «Live», чтобы открыть интересный контент в прямом эфире","انقر على ""تبويب البث المباشر"" لاستكشاف محتوى البث المباشر المثير","دلچسپ لائیو مواد دریافت کرنے کے لیے ""لائیو ٹیب"" پر کلک کریں","ចុចលើ ""ផ្ទាំង Live"" ដើម្បីរុករកមាតិកា Live គួរឱ្យចាប់អារម្មណ៍","रोमाञ्चक लाइभ सामग्री अन्वेषण गर्न ""लाइभ ट्याब"" मा क्लिक गर्नुहोस्","Tocca la ""Tab Live"" per scoprire contenuti live entusiasmanti","Klikněte na \""Živě\"" a prozkoumejte zajímavý živý obsah","Apasă pe „Tab Live"" pentru a explora conținut live captivant","Clica no ""Separador Ao Vivo"" para explorar conteúdo ao vivo emocionante",Πατήστε την «Καρτέλα Live» για να εξερευνήσετε συναρπαστικό ζωντανό περιεχόμενο,"စိတ်လှုပ်ရှားဖွယ် live အကြောင်းအရာများကို ရှာဖွေရန် ""Live Tab"" ကို နှိပ်ပါ","উত্তেজনাপূর্ণ লাইভ কন্টেন্ট এক্সপ্লোর করতে ""লাইভ ট্যাব""-এ ক্লিক করুন","Қызықты тікелей эфир мазмұнын зерттеу үшін ""Тікелей эфир бөлімі""не басыңыз","ఉత్తేజకరమైన లైవ్ కంటెంట్‌ను అన్వేషించడానికి ""లైవ్ ట్యాబ్""పై క్లిక్ చేయండి","ആവേശകരമായ ലൈവ് ഉള്ളടക്കം പര്യവേക്ഷണം ചെയ്യാൻ ""ലൈവ് ടാബ്"" ക്ലിക്ക് ചെയ്യുക","ରୋମାଞ୍ଚକ live କଣ୍ଟେଣ୍ଟ ଏକ୍ସପ୍ଲୋର୍ କରିବାକୁ \""Live Tab\"" କ୍ଲିକ୍ କରନ୍ତୁ"
live_tab_entrance_next_tips,"Once enabled, the Live tab will be shown in the bottom bar",启用后，动态标签将显示在底部导航栏中,啟用後，直播分頁將顯示在底部導覽列,ལྕོགས་ཅན་བཟོས་རྗེས། དུས་མཐུན་ཁ་བྱང་འོག་གི་སྡེ་ཁང་ནང་མངོན་པར་འགྱུར།,"Wanneer ingeschakeld, wordt het Live-tabblad weergegeven in de onderste balk","Un cop activada, la pestanya En Directe es mostrarà a la barra inferior","Gaituta dagoenean, Zuzeneko fitxa beheko barran erakutsiko da",Når aktiveret vil Live-fanen blive vist i bundlinjen,Po zapnutí sa Live záložka zobrazí v dolnom paneli,Nach der Aktivierung wird der Live-Tab in der unteren Leiste angezeigt,"एक बार सक्षम करने पर, Live टैब नीचे की बार में दिखाई देगा","Setelah diaktifkan, tab Live akan ditampilkan di bilah bawah",เมื่อเปิดใช้งาน แท็บ Live จะแสดงในแถบด้านล่าง,"Kapag pinagana, ang Live tab ay ipapakita sa ibabang bar","ເມື່ອເປີດໃຊ້ງານແລ້ວ, ແທັບ Live ຈະສະແດງຢູ່ແຖບລຸ່ມ","Baada ya kuwasha, kipengele cha Moja kwa Moja kitaonekana kwenye upau wa chini",有効にすると、ライブタブが下部バーに表示されます,"Une fois activé, l\'onglet Live sera affiché dans la barre inférieure","Una vez activada, la pestaña En Vivo se mostrará en la barra inferior",Po włączeniu zakładka Live zostanie wyświetlona na dolnym pasku,Når aktivert vil Live-fanen vises i bunnlinjen,När den är aktiverad visas Live-fliken i det nedre fältet,"Ha engedélyezed, az Élő fül megjelenik az alsó sávban",활성화하면 하단 바에 Live 탭이 표시됩니다,"සක්‍රීය කළ පසු, සජීවී ටැබය පහළ තීරුවේ පෙන්වනු ලැබේ","एकदा सक्षम केल्यावर, लाइव्ह टॅब खालच्या बारमध्ये दिसेल","இயக்கப்பட்டவுடன், கீழ் பட்டியில் Live tab காட்டப்படும்","એક વખત સક્ષમ કરવામાં આવે, તો Live tab નીચેની બારમાં દેખાશે","ਇੱਕ ਵਾਰ ਸਮਰੱਥ ਕਰਨ ਤੇ, ਲਾਈਵ ਟੈਬ ਹੇਠਲੀ ਬਾਰ ਵਿੱਚ ਦਿਖਾਈ ਦੇਵੇਗਾ","ಸಕ್ರಿಯಗೊಳಿಸಿದ ನಂತರ, ಲೈವ್ ಟ್ಯಾಬ್ ಕೆಳಗಿನ ಬಾರ್‌ನಲ್ಲಿ ತೋರಿಸಲಾಗುತ್ತದೆ","সক্ষম কৰিলে, Live টেবটো তলৰ বাৰত দেখুওৱা হ\'ব",پس از فعال‌سازی، تب زنده در نوار پایین نمایش داده می‌شود,"Uma vez ativada, a aba Ao Vivo será exibida na barra inferior","Etkinleştirildiğinde, Canlı sekmesi alt çubukta gösterilecektir","Yoqilgandan so'ng, Jonli efir yorlig'i pastki panelda ko'rsatiladi","Unha vez activada, a pestana En Directo mostrarase na barra inferior","לאחר ההפעלה, לשונית ה-Live תוצג בסרגל התחתון","Kada se omogući, kartica Uživo će biti prikazana u donjem meniju",След активиране разделът Live ще се показва в долната лента,"Kun tämä on käytössä, Live-välilehti näkyy alarivillä","Kada je omogućeno, kartica Uživo bit će prikazana u donjoj traci","Ko je omogočeno, bo zavihek V živo prikazan v spodnji vrstici",Після увімкнення вкладка Live з\'явиться на нижній панелі,"Setelah didayakan, tab Langsung akan dipaparkan pada bar bawah","Sau khi bật, tab Trực tiếp sẽ hiển thị trên thanh điều hướng dưới",После включения вкладка Live будет отображаться в нижней панели,بمجرد التفعيل، سيظهر تبويب البث المباشر في الشريط السفلي,ایک بار فعال ہونے کے بعد، لائیو ٹیب نیچے کی بار میں دکھائی دے گا,នៅពេលបើកដំណើរការ ផ្ទាំង Live នឹងបង្ហាញនៅក្នុងរបារខាងក្រោម,"सक्षम पारेपछि, लाइभ ट्याब तलको बारमा देखाइनेछ","Una volta attivata, la tab Live verrà mostrata nella barra inferiore",Po zapnutí se záložka Živě zobrazí ve spodní liště,"Odată activat, tab-ul Live va fi afișat în bara de jos","Quando ativado, o separador Ao Vivo será apresentado na barra inferior","Μόλις ενεργοποιηθεί, η καρτέλα Live θα εμφανίζεται στην κάτω μπάρα",ဖွင့်ထားလျှင် Live tab ကို အောက်ခြေဘားတန်းတွင် ပြသပါမည်,"সক্রিয় করা হলে, লাইভ ট্যাবটি নিচের বারে দেখানো হবে","Қосылғаннан кейін, Тікелей эфир бөлімі төменгі панельде көрсетіледі","ఎనేబుల్ చేసిన తర్వాత, లైవ్ ట్యాబ్ దిగువ బార్‌లో కనిపిస్తుంది","പ്രവർത്തനക്ഷമമാക്കിയാൽ, ലൈവ് ടാബ് താഴെയുള്ള ബാറിൽ കാണിക്കും","ସକ୍ଷମ କଲେ, Live tab ତଳ ବାର୍‌ରେ ଦେଖାଯିବ"
